vnexpress.net,13.613
dantri.com.vn,13.222999999999999
google.com.vn,12.351999999999997
vietnamnet.vn,13.177
stackoverflow.com,13.344999999999999
kenh14.vn,13.686
