total_execution,tps,min,median,max,p25,p50,p75,p95,p90,p99
3,0.05,18.998,20.599,21.008000000000003,18.998,20.599,21.008000000000003,21.008000000000003,21.008000000000003,21.008000000000003
